name,email
Brian Wells,brenda86@hotmail.com
Jessica Castillo,danielwashington@gmail.com
Anthony Black,millermichael@yahoo.com
Philip Greene,michellefloyd@murphy.com
Diana Mcguire,gregory83@yahoo.com
Melissa Gordon,danielle84@yahoo.com
Kimberly Sampson,laurenhenry@koch-roberts.com
Ryan Jones,aramirez@lane.net
James Williams,holly83@brown-cross.net
David Cobb,jenningsmatthew@gmail.com
Debbie Hurst,smithbetty@gmail.com
Crystal Gonzales,ericbeasley@shelton.com
Kara Barker,hkim@hotmail.com
Paige Brown,walshwesley@gmail.com
David Wilson,fsanford@white-tyler.biz
Allison Reeves,russellwillis@yahoo.com
Erica Fernandez,teresa81@nelson-clarke.com
Donna Mullins,richardshelton@cohen.com
Alexis Black,xdavis@hall.com
Diana Wilkinson,angel52@yahoo.com
Barbara Williams,zunigachristina@williams.net
Alexis Ho,christian12@hayes.com
Shelby Gonzales MD,tommyshelton@hotmail.com
Jeffrey Jones,marywebster@smith-tanner.org
Dana Nunez,mpeck@rosario-thomas.com
Elizabeth Mejia,fmitchell@simmons-webster.info
Michael Jones,davidchapman@smith.info
Sabrina Day,alexandria80@gmail.com
Adrienne Harris,martingarcia@mack.net
Cody Webster,brandon62@blake.biz
Brittany Walker,christophermartin@sellers.com
Rodney Goodman,mark24@hotmail.com
Craig Smith,wgrant@gmail.com
James Buckley,lopezkaren@hotmail.com
Jacqueline Sullivan,kathleen37@gmail.com
Derek Ramirez,vasquezallison@gmail.com
Evan Walton,sullivankayla@gmail.com
Monica Robinson,andradedouglas@hotmail.com
Kristi Graham,charles87@perez-hall.com
Carl Mcguire,petersonmichael@gmail.com
Christian Taylor,thompsonjames@hotmail.com
Hannah Rush,amanda79@smith.com
Donna Taylor,karensoto@hotmail.com
Jennifer Jones,hyoung@greene.com
Karl Griffin,jenniferwilliams@ortiz.biz
Daniel Boyer,gutierrezmiguel@gmail.com
Kelsey Williams,tcurtis@hotmail.com
Mrs. Kimberly Wright MD,scottcaleb@hotmail.com
James Freeman,zwilson@perez.com
Christine Hughes,carternatalie@gmail.com
Michelle Stewart,tammymoore@williams.com
Kevin Hamilton,blairteresa@yahoo.com
Edward Walker,jenniferproctor@yahoo.com
Heather Harrison,tiffanymartin@jenkins.com
Nicholas Thornton,hilljames@kramer.com
Andre Maddox,bcunningham@gmail.com
Andrew Cunningham,christopherwilliams@yahoo.com
Nicole Ruiz,maria37@gmail.com
Victoria Watson,vlee@yahoo.com
Jill Weaver,maria95@flowers.org
Stefanie Mack,bnunez@marks.org
John Berry,weberdana@peterson-taylor.com
Elizabeth Jones,kimberlyrussell@hudson.com
Adam Obrien,kristin43@yahoo.com
Teresa Holden,brittanyholden@harris.net
Christine Watson,afinley@lowe.net
Barbara Walters,anna19@gmail.com
Barbara Moore,james89@yahoo.com
Kayla Summers,walkerfrank@gibson-castillo.com
Carolyn Stark,brownkenneth@hotmail.com
Tiffany Moore,ricky72@hotmail.com
Kevin Valdez,timothypalmer@gmail.com
Robert Santana,shortaustin@garrett-elliott.net
Karen Brooks,suzanne93@wright.com
Stephen Hendricks,pbarker@erickson.net
Joseph Smith,colekatrina@wilson-moyer.com
Richard Wallace,xyates@young-roman.com
Natalie Miller,bbrewer@richardson.info
Jeffrey Nicholson,amy91@hotmail.com
Paul Farmer,melissabush@yahoo.com
Mark Mcguire,vwilcox@hogan-goodwin.com
Raymond Henderson,cfleming@knox.com
Jillian Lewis,jboyd@hotmail.com
Stephanie Moran,jamesmonroe@johnson-garcia.net
Ethan Mccarthy,shannonmason@armstrong.com
Aaron Hill,tammy23@gmail.com
Daniel White,katieellis@griffin.com
Lorraine Fuller,moorerobert@gmail.com
Dustin Rodriguez,thomaschristine@melton-sullivan.com
Manuel Mullen,ymonroe@butler-chan.com
Jessica Clark,wnash@hotmail.com
Katherine Wood,jamesferrell@gmail.com
Roy Travis,rileymichael@shannon.biz
Shelley Brooks,coxangelica@diaz.com
Jacqueline Marsh,sullivanallison@olson.org
Linda Murphy,khughes@hotmail.com
Timothy Day MD,mariebrown@collins.info
Luke Brennan,aaronrussell@hotmail.com
Jason Garcia,justin22@torres.com
Charles Mason,howarddonna@hotmail.com
